"month","day","rise","rise_day","set","set_day","rise_date","set_date","utc_offset"
"1","1","0456","SAME","1947","SAME","2018-01-01 04:56:00","2018-01-01 19:47:00","UTC+10:00"
"1","2","0457","SAME","1947","SAME","2018-01-02 04:57:00","2018-01-02 19:47:00","UTC+10:00"
"1","3","0458","SAME","1947","SAME","2018-01-03 04:58:00","2018-01-03 19:47:00","UTC+10:00"
"1","4","0459","SAME","1947","SAME","2018-01-04 04:59:00","2018-01-04 19:47:00","UTC+10:00"
"1","5","0500","SAME","1947","SAME","2018-01-05 05:00:00","2018-01-05 19:47:00","UTC+10:00"
"1","6","0501","SAME","1947","SAME","2018-01-06 05:01:00","2018-01-06 19:47:00","UTC+10:00"
"1","7","0502","SAME","1947","SAME","2018-01-07 05:02:00","2018-01-07 19:47:00","UTC+10:00"
"1","8","0503","SAME","1947","SAME","2018-01-08 05:03:00","2018-01-08 19:47:00","UTC+10:00"
"1","9","0504","SAME","1947","SAME","2018-01-09 05:04:00","2018-01-09 19:47:00","UTC+10:00"
"1","10","0505","SAME","1947","SAME","2018-01-10 05:05:00","2018-01-10 19:47:00","UTC+10:00"
"1","11","0506","SAME","1947","SAME","2018-01-11 05:06:00","2018-01-11 19:47:00","UTC+10:00"
"1","12","0507","SAME","1946","SAME","2018-01-12 05:07:00","2018-01-12 19:46:00","UTC+10:00"
"1","13","0508","SAME","1946","SAME","2018-01-13 05:08:00","2018-01-13 19:46:00","UTC+10:00"
"1","14","0509","SAME","1946","SAME","2018-01-14 05:09:00","2018-01-14 19:46:00","UTC+10:00"
"1","15","0510","SAME","1945","SAME","2018-01-15 05:10:00","2018-01-15 19:45:00","UTC+10:00"
"1","16","0511","SAME","1945","SAME","2018-01-16 05:11:00","2018-01-16 19:45:00","UTC+10:00"
"1","17","0512","SAME","1944","SAME","2018-01-17 05:12:00","2018-01-17 19:44:00","UTC+10:00"
"1","18","0513","SAME","1944","SAME","2018-01-18 05:13:00","2018-01-18 19:44:00","UTC+10:00"
"1","19","0514","SAME","1944","SAME","2018-01-19 05:14:00","2018-01-19 19:44:00","UTC+10:00"
"1","20","0515","SAME","1943","SAME","2018-01-20 05:15:00","2018-01-20 19:43:00","UTC+10:00"
"1","21","0516","SAME","1942","SAME","2018-01-21 05:16:00","2018-01-21 19:42:00","UTC+10:00"
"1","22","0518","SAME","1942","SAME","2018-01-22 05:18:00","2018-01-22 19:42:00","UTC+10:00"
"1","23","0519","SAME","1941","SAME","2018-01-23 05:19:00","2018-01-23 19:41:00","UTC+10:00"
"1","24","0520","SAME","1941","SAME","2018-01-24 05:20:00","2018-01-24 19:41:00","UTC+10:00"
"1","25","0521","SAME","1940","SAME","2018-01-25 05:21:00","2018-01-25 19:40:00","UTC+10:00"
"1","26","0522","SAME","1939","SAME","2018-01-26 05:22:00","2018-01-26 19:39:00","UTC+10:00"
"1","27","0523","SAME","1938","SAME","2018-01-27 05:23:00","2018-01-27 19:38:00","UTC+10:00"
"1","28","0525","SAME","1938","SAME","2018-01-28 05:25:00","2018-01-28 19:38:00","UTC+10:00"
"1","29","0526","SAME","1937","SAME","2018-01-29 05:26:00","2018-01-29 19:37:00","UTC+10:00"
"1","30","0527","SAME","1936","SAME","2018-01-30 05:27:00","2018-01-30 19:36:00","UTC+10:00"
"1","31","0528","SAME","1935","SAME","2018-01-31 05:28:00","2018-01-31 19:35:00","UTC+10:00"
"2","1","0529","SAME","1934","SAME","2018-02-01 05:29:00","2018-02-01 19:34:00","UTC+10:00"
"2","2","0531","SAME","1933","SAME","2018-02-02 05:31:00","2018-02-02 19:33:00","UTC+10:00"
"2","3","0532","SAME","1932","SAME","2018-02-03 05:32:00","2018-02-03 19:32:00","UTC+10:00"
"2","4","0533","SAME","1931","SAME","2018-02-04 05:33:00","2018-02-04 19:31:00","UTC+10:00"
"2","5","0534","SAME","1930","SAME","2018-02-05 05:34:00","2018-02-05 19:30:00","UTC+10:00"
"2","6","0535","SAME","1929","SAME","2018-02-06 05:35:00","2018-02-06 19:29:00","UTC+10:00"
"2","7","0536","SAME","1928","SAME","2018-02-07 05:36:00","2018-02-07 19:28:00","UTC+10:00"
"2","8","0538","SAME","1927","SAME","2018-02-08 05:38:00","2018-02-08 19:27:00","UTC+10:00"
"2","9","0539","SAME","1926","SAME","2018-02-09 05:39:00","2018-02-09 19:26:00","UTC+10:00"
"2","10","0540","SAME","1925","SAME","2018-02-10 05:40:00","2018-02-10 19:25:00","UTC+10:00"
"2","11","0541","SAME","1924","SAME","2018-02-11 05:41:00","2018-02-11 19:24:00","UTC+10:00"
"2","12","0542","SAME","1923","SAME","2018-02-12 05:42:00","2018-02-12 19:23:00","UTC+10:00"
"2","13","0543","SAME","1921","SAME","2018-02-13 05:43:00","2018-02-13 19:21:00","UTC+10:00"
"2","14","0545","SAME","1920","SAME","2018-02-14 05:45:00","2018-02-14 19:20:00","UTC+10:00"
"2","15","0546","SAME","1919","SAME","2018-02-15 05:46:00","2018-02-15 19:19:00","UTC+10:00"
"2","16","0547","SAME","1918","SAME","2018-02-16 05:47:00","2018-02-16 19:18:00","UTC+10:00"
"2","17","0548","SAME","1916","SAME","2018-02-17 05:48:00","2018-02-17 19:16:00","UTC+10:00"
"2","18","0549","SAME","1915","SAME","2018-02-18 05:49:00","2018-02-18 19:15:00","UTC+10:00"
"2","19","0550","SAME","1914","SAME","2018-02-19 05:50:00","2018-02-19 19:14:00","UTC+10:00"
"2","20","0551","SAME","1913","SAME","2018-02-20 05:51:00","2018-02-20 19:13:00","UTC+10:00"
"2","21","0553","SAME","1911","SAME","2018-02-21 05:53:00","2018-02-21 19:11:00","UTC+10:00"
"2","22","0554","SAME","1910","SAME","2018-02-22 05:54:00","2018-02-22 19:10:00","UTC+10:00"
"2","23","0555","SAME","1908","SAME","2018-02-23 05:55:00","2018-02-23 19:08:00","UTC+10:00"
"2","24","0556","SAME","1907","SAME","2018-02-24 05:56:00","2018-02-24 19:07:00","UTC+10:00"
"2","25","0557","SAME","1906","SAME","2018-02-25 05:57:00","2018-02-25 19:06:00","UTC+10:00"
"2","26","0558","SAME","1904","SAME","2018-02-26 05:58:00","2018-02-26 19:04:00","UTC+10:00"
"2","27","0559","SAME","1903","SAME","2018-02-27 05:59:00","2018-02-27 19:03:00","UTC+10:00"
"2","28","0600","SAME","1901","SAME","2018-02-28 06:00:00","2018-02-28 19:01:00","UTC+10:00"
"3","1","0601","SAME","1900","SAME","2018-03-01 06:01:00","2018-03-01 19:00:00","UTC+10:00"
"3","2","0602","SAME","1859","SAME","2018-03-02 06:02:00","2018-03-02 18:59:00","UTC+10:00"
"3","3","0604","SAME","1857","SAME","2018-03-03 06:04:00","2018-03-03 18:57:00","UTC+10:00"
"3","4","0605","SAME","1856","SAME","2018-03-04 06:05:00","2018-03-04 18:56:00","UTC+10:00"
"3","5","0606","SAME","1854","SAME","2018-03-05 06:06:00","2018-03-05 18:54:00","UTC+10:00"
"3","6","0607","SAME","1853","SAME","2018-03-06 06:07:00","2018-03-06 18:53:00","UTC+10:00"
"3","7","0608","SAME","1851","SAME","2018-03-07 06:08:00","2018-03-07 18:51:00","UTC+10:00"
"3","8","0609","SAME","1850","SAME","2018-03-08 06:09:00","2018-03-08 18:50:00","UTC+10:00"
"3","9","0610","SAME","1848","SAME","2018-03-09 06:10:00","2018-03-09 18:48:00","UTC+10:00"
"3","10","0611","SAME","1846","SAME","2018-03-10 06:11:00","2018-03-10 18:46:00","UTC+10:00"
"3","11","0612","SAME","1845","SAME","2018-03-11 06:12:00","2018-03-11 18:45:00","UTC+10:00"
"3","12","0613","SAME","1843","SAME","2018-03-12 06:13:00","2018-03-12 18:43:00","UTC+10:00"
"3","13","0614","SAME","1842","SAME","2018-03-13 06:14:00","2018-03-13 18:42:00","UTC+10:00"
"3","14","0615","SAME","1840","SAME","2018-03-14 06:15:00","2018-03-14 18:40:00","UTC+10:00"
"3","15","0616","SAME","1839","SAME","2018-03-15 06:16:00","2018-03-15 18:39:00","UTC+10:00"
"3","16","0617","SAME","1837","SAME","2018-03-16 06:17:00","2018-03-16 18:37:00","UTC+10:00"
"3","17","0618","SAME","1836","SAME","2018-03-17 06:18:00","2018-03-17 18:36:00","UTC+10:00"
"3","18","0619","SAME","1834","SAME","2018-03-18 06:19:00","2018-03-18 18:34:00","UTC+10:00"
"3","19","0620","SAME","1832","SAME","2018-03-19 06:20:00","2018-03-19 18:32:00","UTC+10:00"
"3","20","0621","SAME","1831","SAME","2018-03-20 06:21:00","2018-03-20 18:31:00","UTC+10:00"
"3","21","0622","SAME","1829","SAME","2018-03-21 06:22:00","2018-03-21 18:29:00","UTC+10:00"
"3","22","0623","SAME","1828","SAME","2018-03-22 06:23:00","2018-03-22 18:28:00","UTC+10:00"
"3","23","0624","SAME","1826","SAME","2018-03-23 06:24:00","2018-03-23 18:26:00","UTC+10:00"
"3","24","0625","SAME","1825","SAME","2018-03-24 06:25:00","2018-03-24 18:25:00","UTC+10:00"
"3","25","0626","SAME","1823","SAME","2018-03-25 06:26:00","2018-03-25 18:23:00","UTC+10:00"
"3","26","0627","SAME","1821","SAME","2018-03-26 06:27:00","2018-03-26 18:21:00","UTC+10:00"
"3","27","0628","SAME","1820","SAME","2018-03-27 06:28:00","2018-03-27 18:20:00","UTC+10:00"
"3","28","0629","SAME","1818","SAME","2018-03-28 06:29:00","2018-03-28 18:18:00","UTC+10:00"
"3","29","0630","SAME","1817","SAME","2018-03-29 06:30:00","2018-03-29 18:17:00","UTC+10:00"
"3","30","0631","SAME","1815","SAME","2018-03-30 06:31:00","2018-03-30 18:15:00","UTC+10:00"
"3","31","0632","SAME","1814","SAME","2018-03-31 06:32:00","2018-03-31 18:14:00","UTC+10:00"
"4","1","0632","SAME","1812","SAME","2018-04-01 06:32:00","2018-04-01 18:12:00","UTC+10:00"
"4","2","0633","SAME","1811","SAME","2018-04-02 06:33:00","2018-04-02 18:11:00","UTC+10:00"
"4","3","0634","SAME","1809","SAME","2018-04-03 06:34:00","2018-04-03 18:09:00","UTC+10:00"
"4","4","0635","SAME","1807","SAME","2018-04-04 06:35:00","2018-04-04 18:07:00","UTC+10:00"
"4","5","0636","SAME","1806","SAME","2018-04-05 06:36:00","2018-04-05 18:06:00","UTC+10:00"
"4","6","0637","SAME","1804","SAME","2018-04-06 06:37:00","2018-04-06 18:04:00","UTC+10:00"
"4","7","0638","SAME","1803","SAME","2018-04-07 06:38:00","2018-04-07 18:03:00","UTC+10:00"
"4","8","0639","SAME","1801","SAME","2018-04-08 06:39:00","2018-04-08 18:01:00","UTC+10:00"
"4","9","0640","SAME","1800","SAME","2018-04-09 06:40:00","2018-04-09 18:00:00","UTC+10:00"
"4","10","0641","SAME","1758","SAME","2018-04-10 06:41:00","2018-04-10 17:58:00","UTC+10:00"
"4","11","0642","SAME","1757","SAME","2018-04-11 06:42:00","2018-04-11 17:57:00","UTC+10:00"
"4","12","0643","SAME","1755","SAME","2018-04-12 06:43:00","2018-04-12 17:55:00","UTC+10:00"
"4","13","0644","SAME","1754","SAME","2018-04-13 06:44:00","2018-04-13 17:54:00","UTC+10:00"
"4","14","0645","SAME","1753","SAME","2018-04-14 06:45:00","2018-04-14 17:53:00","UTC+10:00"
"4","15","0646","SAME","1751","SAME","2018-04-15 06:46:00","2018-04-15 17:51:00","UTC+10:00"
"4","16","0647","SAME","1750","SAME","2018-04-16 06:47:00","2018-04-16 17:50:00","UTC+10:00"
"4","17","0648","SAME","1748","SAME","2018-04-17 06:48:00","2018-04-17 17:48:00","UTC+10:00"
"4","18","0649","SAME","1747","SAME","2018-04-18 06:49:00","2018-04-18 17:47:00","UTC+10:00"
"4","19","0650","SAME","1745","SAME","2018-04-19 06:50:00","2018-04-19 17:45:00","UTC+10:00"
"4","20","0651","SAME","1744","SAME","2018-04-20 06:51:00","2018-04-20 17:44:00","UTC+10:00"
"4","21","0652","SAME","1743","SAME","2018-04-21 06:52:00","2018-04-21 17:43:00","UTC+10:00"
"4","22","0653","SAME","1741","SAME","2018-04-22 06:53:00","2018-04-22 17:41:00","UTC+10:00"
"4","23","0653","SAME","1740","SAME","2018-04-23 06:53:00","2018-04-23 17:40:00","UTC+10:00"
"4","24","0654","SAME","1739","SAME","2018-04-24 06:54:00","2018-04-24 17:39:00","UTC+10:00"
"4","25","0655","SAME","1737","SAME","2018-04-25 06:55:00","2018-04-25 17:37:00","UTC+10:00"
"4","26","0656","SAME","1736","SAME","2018-04-26 06:56:00","2018-04-26 17:36:00","UTC+10:00"
"4","27","0657","SAME","1735","SAME","2018-04-27 06:57:00","2018-04-27 17:35:00","UTC+10:00"
"4","28","0658","SAME","1734","SAME","2018-04-28 06:58:00","2018-04-28 17:34:00","UTC+10:00"
"4","29","0659","SAME","1732","SAME","2018-04-29 06:59:00","2018-04-29 17:32:00","UTC+10:00"
"4","30","0700","SAME","1731","SAME","2018-04-30 07:00:00","2018-04-30 17:31:00","UTC+10:00"
"5","1","0701","SAME","1730","SAME","2018-05-01 07:01:00","2018-05-01 17:30:00","UTC+10:00"
"5","2","0702","SAME","1729","SAME","2018-05-02 07:02:00","2018-05-02 17:29:00","UTC+10:00"
"5","3","0703","SAME","1728","SAME","2018-05-03 07:03:00","2018-05-03 17:28:00","UTC+10:00"
"5","4","0704","SAME","1726","SAME","2018-05-04 07:04:00","2018-05-04 17:26:00","UTC+10:00"
"5","5","0705","SAME","1725","SAME","2018-05-05 07:05:00","2018-05-05 17:25:00","UTC+10:00"
"5","6","0706","SAME","1724","SAME","2018-05-06 07:06:00","2018-05-06 17:24:00","UTC+10:00"
"5","7","0707","SAME","1723","SAME","2018-05-07 07:07:00","2018-05-07 17:23:00","UTC+10:00"
"5","8","0708","SAME","1722","SAME","2018-05-08 07:08:00","2018-05-08 17:22:00","UTC+10:00"
"5","9","0709","SAME","1721","SAME","2018-05-09 07:09:00","2018-05-09 17:21:00","UTC+10:00"
"5","10","0709","SAME","1720","SAME","2018-05-10 07:09:00","2018-05-10 17:20:00","UTC+10:00"
"5","11","0710","SAME","1719","SAME","2018-05-11 07:10:00","2018-05-11 17:19:00","UTC+10:00"
"5","12","0711","SAME","1718","SAME","2018-05-12 07:11:00","2018-05-12 17:18:00","UTC+10:00"
"5","13","0712","SAME","1717","SAME","2018-05-13 07:12:00","2018-05-13 17:17:00","UTC+10:00"
"5","14","0713","SAME","1716","SAME","2018-05-14 07:13:00","2018-05-14 17:16:00","UTC+10:00"
"5","15","0714","SAME","1715","SAME","2018-05-15 07:14:00","2018-05-15 17:15:00","UTC+10:00"
"5","16","0715","SAME","1715","SAME","2018-05-16 07:15:00","2018-05-16 17:15:00","UTC+10:00"
"5","17","0716","SAME","1714","SAME","2018-05-17 07:16:00","2018-05-17 17:14:00","UTC+10:00"
"5","18","0717","SAME","1713","SAME","2018-05-18 07:17:00","2018-05-18 17:13:00","UTC+10:00"
"5","19","0717","SAME","1712","SAME","2018-05-19 07:17:00","2018-05-19 17:12:00","UTC+10:00"
"5","20","0718","SAME","1711","SAME","2018-05-20 07:18:00","2018-05-20 17:11:00","UTC+10:00"
"5","21","0719","SAME","1711","SAME","2018-05-21 07:19:00","2018-05-21 17:11:00","UTC+10:00"
"5","22","0720","SAME","1710","SAME","2018-05-22 07:20:00","2018-05-22 17:10:00","UTC+10:00"
"5","23","0721","SAME","1709","SAME","2018-05-23 07:21:00","2018-05-23 17:09:00","UTC+10:00"
"5","24","0722","SAME","1709","SAME","2018-05-24 07:22:00","2018-05-24 17:09:00","UTC+10:00"
"5","25","0722","SAME","1708","SAME","2018-05-25 07:22:00","2018-05-25 17:08:00","UTC+10:00"
"5","26","0723","SAME","1707","SAME","2018-05-26 07:23:00","2018-05-26 17:07:00","UTC+10:00"
"5","27","0724","SAME","1707","SAME","2018-05-27 07:24:00","2018-05-27 17:07:00","UTC+10:00"
"5","28","0725","SAME","1706","SAME","2018-05-28 07:25:00","2018-05-28 17:06:00","UTC+10:00"
"5","29","0725","SAME","1706","SAME","2018-05-29 07:25:00","2018-05-29 17:06:00","UTC+10:00"
"5","30","0726","SAME","1705","SAME","2018-05-30 07:26:00","2018-05-30 17:05:00","UTC+10:00"
"5","31","0727","SAME","1705","SAME","2018-05-31 07:27:00","2018-05-31 17:05:00","UTC+10:00"
"6","1","0728","SAME","1705","SAME","2018-06-01 07:28:00","2018-06-01 17:05:00","UTC+10:00"
"6","2","0728","SAME","1704","SAME","2018-06-02 07:28:00","2018-06-02 17:04:00","UTC+10:00"
"6","3","0729","SAME","1704","SAME","2018-06-03 07:29:00","2018-06-03 17:04:00","UTC+10:00"
"6","4","0730","SAME","1704","SAME","2018-06-04 07:30:00","2018-06-04 17:04:00","UTC+10:00"
"6","5","0730","SAME","1703","SAME","2018-06-05 07:30:00","2018-06-05 17:03:00","UTC+10:00"
"6","6","0731","SAME","1703","SAME","2018-06-06 07:31:00","2018-06-06 17:03:00","UTC+10:00"
"6","7","0731","SAME","1703","SAME","2018-06-07 07:31:00","2018-06-07 17:03:00","UTC+10:00"
"6","8","0732","SAME","1703","SAME","2018-06-08 07:32:00","2018-06-08 17:03:00","UTC+10:00"
"6","9","0732","SAME","1702","SAME","2018-06-09 07:32:00","2018-06-09 17:02:00","UTC+10:00"
"6","10","0733","SAME","1702","SAME","2018-06-10 07:33:00","2018-06-10 17:02:00","UTC+10:00"
"6","11","0733","SAME","1702","SAME","2018-06-11 07:33:00","2018-06-11 17:02:00","UTC+10:00"
"6","12","0734","SAME","1702","SAME","2018-06-12 07:34:00","2018-06-12 17:02:00","UTC+10:00"
"6","13","0734","SAME","1702","SAME","2018-06-13 07:34:00","2018-06-13 17:02:00","UTC+10:00"
"6","14","0735","SAME","1702","SAME","2018-06-14 07:35:00","2018-06-14 17:02:00","UTC+10:00"
"6","15","0735","SAME","1702","SAME","2018-06-15 07:35:00","2018-06-15 17:02:00","UTC+10:00"
"6","16","0736","SAME","1702","SAME","2018-06-16 07:36:00","2018-06-16 17:02:00","UTC+10:00"
"6","17","0736","SAME","1702","SAME","2018-06-17 07:36:00","2018-06-17 17:02:00","UTC+10:00"
"6","18","0736","SAME","1702","SAME","2018-06-18 07:36:00","2018-06-18 17:02:00","UTC+10:00"
"6","19","0737","SAME","1703","SAME","2018-06-19 07:37:00","2018-06-19 17:03:00","UTC+10:00"
"6","20","0737","SAME","1703","SAME","2018-06-20 07:37:00","2018-06-20 17:03:00","UTC+10:00"
"6","21","0737","SAME","1703","SAME","2018-06-21 07:37:00","2018-06-21 17:03:00","UTC+10:00"
"6","22","0737","SAME","1703","SAME","2018-06-22 07:37:00","2018-06-22 17:03:00","UTC+10:00"
"6","23","0737","SAME","1703","SAME","2018-06-23 07:37:00","2018-06-23 17:03:00","UTC+10:00"
"6","24","0738","SAME","1704","SAME","2018-06-24 07:38:00","2018-06-24 17:04:00","UTC+10:00"
"6","25","0738","SAME","1704","SAME","2018-06-25 07:38:00","2018-06-25 17:04:00","UTC+10:00"
"6","26","0738","SAME","1704","SAME","2018-06-26 07:38:00","2018-06-26 17:04:00","UTC+10:00"
"6","27","0738","SAME","1705","SAME","2018-06-27 07:38:00","2018-06-27 17:05:00","UTC+10:00"
"6","28","0738","SAME","1705","SAME","2018-06-28 07:38:00","2018-06-28 17:05:00","UTC+10:00"
"6","29","0738","SAME","1705","SAME","2018-06-29 07:38:00","2018-06-29 17:05:00","UTC+10:00"
"6","30","0738","SAME","1706","SAME","2018-06-30 07:38:00","2018-06-30 17:06:00","UTC+10:00"
"7","1","0738","SAME","1706","SAME","2018-07-01 07:38:00","2018-07-01 17:06:00","UTC+10:00"
"7","2","0738","SAME","1707","SAME","2018-07-02 07:38:00","2018-07-02 17:07:00","UTC+10:00"
"7","3","0738","SAME","1707","SAME","2018-07-03 07:38:00","2018-07-03 17:07:00","UTC+10:00"
"7","4","0738","SAME","1708","SAME","2018-07-04 07:38:00","2018-07-04 17:08:00","UTC+10:00"
"7","5","0737","SAME","1708","SAME","2018-07-05 07:37:00","2018-07-05 17:08:00","UTC+10:00"
"7","6","0737","SAME","1709","SAME","2018-07-06 07:37:00","2018-07-06 17:09:00","UTC+10:00"
"7","7","0737","SAME","1709","SAME","2018-07-07 07:37:00","2018-07-07 17:09:00","UTC+10:00"
"7","8","0737","SAME","1710","SAME","2018-07-08 07:37:00","2018-07-08 17:10:00","UTC+10:00"
"7","9","0736","SAME","1711","SAME","2018-07-09 07:36:00","2018-07-09 17:11:00","UTC+10:00"
"7","10","0736","SAME","1711","SAME","2018-07-10 07:36:00","2018-07-10 17:11:00","UTC+10:00"
"7","11","0736","SAME","1712","SAME","2018-07-11 07:36:00","2018-07-11 17:12:00","UTC+10:00"
"7","12","0735","SAME","1713","SAME","2018-07-12 07:35:00","2018-07-12 17:13:00","UTC+10:00"
"7","13","0735","SAME","1713","SAME","2018-07-13 07:35:00","2018-07-13 17:13:00","UTC+10:00"
"7","14","0734","SAME","1714","SAME","2018-07-14 07:34:00","2018-07-14 17:14:00","UTC+10:00"
"7","15","0734","SAME","1715","SAME","2018-07-15 07:34:00","2018-07-15 17:15:00","UTC+10:00"
"7","16","0733","SAME","1715","SAME","2018-07-16 07:33:00","2018-07-16 17:15:00","UTC+10:00"
"7","17","0733","SAME","1716","SAME","2018-07-17 07:33:00","2018-07-17 17:16:00","UTC+10:00"
"7","18","0732","SAME","1717","SAME","2018-07-18 07:32:00","2018-07-18 17:17:00","UTC+10:00"
"7","19","0732","SAME","1718","SAME","2018-07-19 07:32:00","2018-07-19 17:18:00","UTC+10:00"
"7","20","0731","SAME","1718","SAME","2018-07-20 07:31:00","2018-07-20 17:18:00","UTC+10:00"
"7","21","0730","SAME","1719","SAME","2018-07-21 07:30:00","2018-07-21 17:19:00","UTC+10:00"
"7","22","0730","SAME","1720","SAME","2018-07-22 07:30:00","2018-07-22 17:20:00","UTC+10:00"
"7","23","0729","SAME","1721","SAME","2018-07-23 07:29:00","2018-07-23 17:21:00","UTC+10:00"
"7","24","0728","SAME","1722","SAME","2018-07-24 07:28:00","2018-07-24 17:22:00","UTC+10:00"
"7","25","0727","SAME","1722","SAME","2018-07-25 07:27:00","2018-07-25 17:22:00","UTC+10:00"
"7","26","0727","SAME","1723","SAME","2018-07-26 07:27:00","2018-07-26 17:23:00","UTC+10:00"
"7","27","0726","SAME","1724","SAME","2018-07-27 07:26:00","2018-07-27 17:24:00","UTC+10:00"
"7","28","0725","SAME","1725","SAME","2018-07-28 07:25:00","2018-07-28 17:25:00","UTC+10:00"
"7","29","0724","SAME","1726","SAME","2018-07-29 07:24:00","2018-07-29 17:26:00","UTC+10:00"
"7","30","0723","SAME","1727","SAME","2018-07-30 07:23:00","2018-07-30 17:27:00","UTC+10:00"
"7","31","0722","SAME","1727","SAME","2018-07-31 07:22:00","2018-07-31 17:27:00","UTC+10:00"
"8","1","0721","SAME","1728","SAME","2018-08-01 07:21:00","2018-08-01 17:28:00","UTC+10:00"
"8","2","0720","SAME","1729","SAME","2018-08-02 07:20:00","2018-08-02 17:29:00","UTC+10:00"
"8","3","0719","SAME","1730","SAME","2018-08-03 07:19:00","2018-08-03 17:30:00","UTC+10:00"
"8","4","0718","SAME","1731","SAME","2018-08-04 07:18:00","2018-08-04 17:31:00","UTC+10:00"
"8","5","0717","SAME","1732","SAME","2018-08-05 07:17:00","2018-08-05 17:32:00","UTC+10:00"
"8","6","0716","SAME","1733","SAME","2018-08-06 07:16:00","2018-08-06 17:33:00","UTC+10:00"
"8","7","0715","SAME","1733","SAME","2018-08-07 07:15:00","2018-08-07 17:33:00","UTC+10:00"
"8","8","0714","SAME","1734","SAME","2018-08-08 07:14:00","2018-08-08 17:34:00","UTC+10:00"
"8","9","0713","SAME","1735","SAME","2018-08-09 07:13:00","2018-08-09 17:35:00","UTC+10:00"
"8","10","0711","SAME","1736","SAME","2018-08-10 07:11:00","2018-08-10 17:36:00","UTC+10:00"
"8","11","0710","SAME","1737","SAME","2018-08-11 07:10:00","2018-08-11 17:37:00","UTC+10:00"
"8","12","0709","SAME","1738","SAME","2018-08-12 07:09:00","2018-08-12 17:38:00","UTC+10:00"
"8","13","0708","SAME","1739","SAME","2018-08-13 07:08:00","2018-08-13 17:39:00","UTC+10:00"
"8","14","0706","SAME","1740","SAME","2018-08-14 07:06:00","2018-08-14 17:40:00","UTC+10:00"
"8","15","0705","SAME","1741","SAME","2018-08-15 07:05:00","2018-08-15 17:41:00","UTC+10:00"
"8","16","0704","SAME","1741","SAME","2018-08-16 07:04:00","2018-08-16 17:41:00","UTC+10:00"
"8","17","0703","SAME","1742","SAME","2018-08-17 07:03:00","2018-08-17 17:42:00","UTC+10:00"
"8","18","0701","SAME","1743","SAME","2018-08-18 07:01:00","2018-08-18 17:43:00","UTC+10:00"
"8","19","0700","SAME","1744","SAME","2018-08-19 07:00:00","2018-08-19 17:44:00","UTC+10:00"
"8","20","0659","SAME","1745","SAME","2018-08-20 06:59:00","2018-08-20 17:45:00","UTC+10:00"
"8","21","0657","SAME","1746","SAME","2018-08-21 06:57:00","2018-08-21 17:46:00","UTC+10:00"
"8","22","0656","SAME","1747","SAME","2018-08-22 06:56:00","2018-08-22 17:47:00","UTC+10:00"
"8","23","0654","SAME","1748","SAME","2018-08-23 06:54:00","2018-08-23 17:48:00","UTC+10:00"
"8","24","0653","SAME","1749","SAME","2018-08-24 06:53:00","2018-08-24 17:49:00","UTC+10:00"
"8","25","0652","SAME","1749","SAME","2018-08-25 06:52:00","2018-08-25 17:49:00","UTC+10:00"
"8","26","0650","SAME","1750","SAME","2018-08-26 06:50:00","2018-08-26 17:50:00","UTC+10:00"
"8","27","0649","SAME","1751","SAME","2018-08-27 06:49:00","2018-08-27 17:51:00","UTC+10:00"
"8","28","0647","SAME","1752","SAME","2018-08-28 06:47:00","2018-08-28 17:52:00","UTC+10:00"
"8","29","0646","SAME","1753","SAME","2018-08-29 06:46:00","2018-08-29 17:53:00","UTC+10:00"
"8","30","0644","SAME","1754","SAME","2018-08-30 06:44:00","2018-08-30 17:54:00","UTC+10:00"
"8","31","0643","SAME","1755","SAME","2018-08-31 06:43:00","2018-08-31 17:55:00","UTC+10:00"
"9","1","0641","SAME","1756","SAME","2018-09-01 06:41:00","2018-09-01 17:56:00","UTC+10:00"
"9","2","0640","SAME","1756","SAME","2018-09-02 06:40:00","2018-09-02 17:56:00","UTC+10:00"
"9","3","0638","SAME","1757","SAME","2018-09-03 06:38:00","2018-09-03 17:57:00","UTC+10:00"
"9","4","0637","SAME","1758","SAME","2018-09-04 06:37:00","2018-09-04 17:58:00","UTC+10:00"
"9","5","0635","SAME","1759","SAME","2018-09-05 06:35:00","2018-09-05 17:59:00","UTC+10:00"
"9","6","0634","SAME","1800","SAME","2018-09-06 06:34:00","2018-09-06 18:00:00","UTC+10:00"
"9","7","0632","SAME","1801","SAME","2018-09-07 06:32:00","2018-09-07 18:01:00","UTC+10:00"
"9","8","0631","SAME","1802","SAME","2018-09-08 06:31:00","2018-09-08 18:02:00","UTC+10:00"
"9","9","0629","SAME","1803","SAME","2018-09-09 06:29:00","2018-09-09 18:03:00","UTC+10:00"
"9","10","0627","SAME","1804","SAME","2018-09-10 06:27:00","2018-09-10 18:04:00","UTC+10:00"
"9","11","0626","SAME","1804","SAME","2018-09-11 06:26:00","2018-09-11 18:04:00","UTC+10:00"
"9","12","0624","SAME","1805","SAME","2018-09-12 06:24:00","2018-09-12 18:05:00","UTC+10:00"
"9","13","0623","SAME","1806","SAME","2018-09-13 06:23:00","2018-09-13 18:06:00","UTC+10:00"
"9","14","0621","SAME","1807","SAME","2018-09-14 06:21:00","2018-09-14 18:07:00","UTC+10:00"
"9","15","0619","SAME","1808","SAME","2018-09-15 06:19:00","2018-09-15 18:08:00","UTC+10:00"
"9","16","0618","SAME","1809","SAME","2018-09-16 06:18:00","2018-09-16 18:09:00","UTC+10:00"
"9","17","0616","SAME","1810","SAME","2018-09-17 06:16:00","2018-09-17 18:10:00","UTC+10:00"
"9","18","0615","SAME","1811","SAME","2018-09-18 06:15:00","2018-09-18 18:11:00","UTC+10:00"
"9","19","0613","SAME","1812","SAME","2018-09-19 06:13:00","2018-09-19 18:12:00","UTC+10:00"
"9","20","0611","SAME","1812","SAME","2018-09-20 06:11:00","2018-09-20 18:12:00","UTC+10:00"
"9","21","0610","SAME","1813","SAME","2018-09-21 06:10:00","2018-09-21 18:13:00","UTC+10:00"
"9","22","0608","SAME","1814","SAME","2018-09-22 06:08:00","2018-09-22 18:14:00","UTC+10:00"
"9","23","0607","SAME","1815","SAME","2018-09-23 06:07:00","2018-09-23 18:15:00","UTC+10:00"
"9","24","0605","SAME","1816","SAME","2018-09-24 06:05:00","2018-09-24 18:16:00","UTC+10:00"
"9","25","0603","SAME","1817","SAME","2018-09-25 06:03:00","2018-09-25 18:17:00","UTC+10:00"
"9","26","0602","SAME","1818","SAME","2018-09-26 06:02:00","2018-09-26 18:18:00","UTC+10:00"
"9","27","0600","SAME","1819","SAME","2018-09-27 06:00:00","2018-09-27 18:19:00","UTC+10:00"
"9","28","0559","SAME","1820","SAME","2018-09-28 05:59:00","2018-09-28 18:20:00","UTC+10:00"
"9","29","0557","SAME","1821","SAME","2018-09-29 05:57:00","2018-09-29 18:21:00","UTC+10:00"
"9","30","0555","SAME","1822","SAME","2018-09-30 05:55:00","2018-09-30 18:22:00","UTC+10:00"
"10","1","0554","SAME","1823","SAME","2018-10-01 05:54:00","2018-10-01 18:23:00","UTC+10:00"
"10","2","0552","SAME","1823","SAME","2018-10-02 05:52:00","2018-10-02 18:23:00","UTC+10:00"
"10","3","0551","SAME","1824","SAME","2018-10-03 05:51:00","2018-10-03 18:24:00","UTC+10:00"
"10","4","0549","SAME","1825","SAME","2018-10-04 05:49:00","2018-10-04 18:25:00","UTC+10:00"
"10","5","0547","SAME","1826","SAME","2018-10-05 05:47:00","2018-10-05 18:26:00","UTC+10:00"
"10","6","0546","SAME","1827","SAME","2018-10-06 05:46:00","2018-10-06 18:27:00","UTC+10:00"
"10","7","0544","SAME","1828","SAME","2018-10-07 05:44:00","2018-10-07 18:28:00","UTC+10:00"
"10","8","0543","SAME","1829","SAME","2018-10-08 05:43:00","2018-10-08 18:29:00","UTC+10:00"
"10","9","0541","SAME","1830","SAME","2018-10-09 05:41:00","2018-10-09 18:30:00","UTC+10:00"
"10","10","0540","SAME","1831","SAME","2018-10-10 05:40:00","2018-10-10 18:31:00","UTC+10:00"
"10","11","0538","SAME","1832","SAME","2018-10-11 05:38:00","2018-10-11 18:32:00","UTC+10:00"
"10","12","0537","SAME","1833","SAME","2018-10-12 05:37:00","2018-10-12 18:33:00","UTC+10:00"
"10","13","0535","SAME","1834","SAME","2018-10-13 05:35:00","2018-10-13 18:34:00","UTC+10:00"
"10","14","0534","SAME","1835","SAME","2018-10-14 05:34:00","2018-10-14 18:35:00","UTC+10:00"
"10","15","0532","SAME","1836","SAME","2018-10-15 05:32:00","2018-10-15 18:36:00","UTC+10:00"
"10","16","0531","SAME","1837","SAME","2018-10-16 05:31:00","2018-10-16 18:37:00","UTC+10:00"
"10","17","0529","SAME","1838","SAME","2018-10-17 05:29:00","2018-10-17 18:38:00","UTC+10:00"
"10","18","0528","SAME","1839","SAME","2018-10-18 05:28:00","2018-10-18 18:39:00","UTC+10:00"
"10","19","0527","SAME","1840","SAME","2018-10-19 05:27:00","2018-10-19 18:40:00","UTC+10:00"
"10","20","0525","SAME","1841","SAME","2018-10-20 05:25:00","2018-10-20 18:41:00","UTC+10:00"
"10","21","0524","SAME","1842","SAME","2018-10-21 05:24:00","2018-10-21 18:42:00","UTC+10:00"
"10","22","0522","SAME","1843","SAME","2018-10-22 05:22:00","2018-10-22 18:43:00","UTC+10:00"
"10","23","0521","SAME","1844","SAME","2018-10-23 05:21:00","2018-10-23 18:44:00","UTC+10:00"
"10","24","0520","SAME","1846","SAME","2018-10-24 05:20:00","2018-10-24 18:46:00","UTC+10:00"
"10","25","0518","SAME","1847","SAME","2018-10-25 05:18:00","2018-10-25 18:47:00","UTC+10:00"
"10","26","0517","SAME","1848","SAME","2018-10-26 05:17:00","2018-10-26 18:48:00","UTC+10:00"
"10","27","0516","SAME","1849","SAME","2018-10-27 05:16:00","2018-10-27 18:49:00","UTC+10:00"
"10","28","0514","SAME","1850","SAME","2018-10-28 05:14:00","2018-10-28 18:50:00","UTC+10:00"
"10","29","0513","SAME","1851","SAME","2018-10-29 05:13:00","2018-10-29 18:51:00","UTC+10:00"
"10","30","0512","SAME","1852","SAME","2018-10-30 05:12:00","2018-10-30 18:52:00","UTC+10:00"
"10","31","0511","SAME","1853","SAME","2018-10-31 05:11:00","2018-10-31 18:53:00","UTC+10:00"
"11","1","0510","SAME","1854","SAME","2018-11-01 05:10:00","2018-11-01 18:54:00","UTC+10:00"
"11","2","0508","SAME","1855","SAME","2018-11-02 05:08:00","2018-11-02 18:55:00","UTC+10:00"
"11","3","0507","SAME","1857","SAME","2018-11-03 05:07:00","2018-11-03 18:57:00","UTC+10:00"
"11","4","0506","SAME","1858","SAME","2018-11-04 05:06:00","2018-11-04 18:58:00","UTC+10:00"
"11","5","0505","SAME","1859","SAME","2018-11-05 05:05:00","2018-11-05 18:59:00","UTC+10:00"
"11","6","0504","SAME","1900","SAME","2018-11-06 05:04:00","2018-11-06 19:00:00","UTC+10:00"
"11","7","0503","SAME","1901","SAME","2018-11-07 05:03:00","2018-11-07 19:01:00","UTC+10:00"
"11","8","0502","SAME","1902","SAME","2018-11-08 05:02:00","2018-11-08 19:02:00","UTC+10:00"
"11","9","0501","SAME","1903","SAME","2018-11-09 05:01:00","2018-11-09 19:03:00","UTC+10:00"
"11","10","0500","SAME","1904","SAME","2018-11-10 05:00:00","2018-11-10 19:04:00","UTC+10:00"
"11","11","0459","SAME","1906","SAME","2018-11-11 04:59:00","2018-11-11 19:06:00","UTC+10:00"
"11","12","0458","SAME","1907","SAME","2018-11-12 04:58:00","2018-11-12 19:07:00","UTC+10:00"
"11","13","0457","SAME","1908","SAME","2018-11-13 04:57:00","2018-11-13 19:08:00","UTC+10:00"
"11","14","0456","SAME","1909","SAME","2018-11-14 04:56:00","2018-11-14 19:09:00","UTC+10:00"
"11","15","0456","SAME","1910","SAME","2018-11-15 04:56:00","2018-11-15 19:10:00","UTC+10:00"
"11","16","0455","SAME","1911","SAME","2018-11-16 04:55:00","2018-11-16 19:11:00","UTC+10:00"
"11","17","0454","SAME","1912","SAME","2018-11-17 04:54:00","2018-11-17 19:12:00","UTC+10:00"
"11","18","0453","SAME","1913","SAME","2018-11-18 04:53:00","2018-11-18 19:13:00","UTC+10:00"
"11","19","0453","SAME","1915","SAME","2018-11-19 04:53:00","2018-11-19 19:15:00","UTC+10:00"
"11","20","0452","SAME","1916","SAME","2018-11-20 04:52:00","2018-11-20 19:16:00","UTC+10:00"
"11","21","0451","SAME","1917","SAME","2018-11-21 04:51:00","2018-11-21 19:17:00","UTC+10:00"
"11","22","0451","SAME","1918","SAME","2018-11-22 04:51:00","2018-11-22 19:18:00","UTC+10:00"
"11","23","0450","SAME","1919","SAME","2018-11-23 04:50:00","2018-11-23 19:19:00","UTC+10:00"
"11","24","0450","SAME","1920","SAME","2018-11-24 04:50:00","2018-11-24 19:20:00","UTC+10:00"
"11","25","0449","SAME","1921","SAME","2018-11-25 04:49:00","2018-11-25 19:21:00","UTC+10:00"
"11","26","0449","SAME","1922","SAME","2018-11-26 04:49:00","2018-11-26 19:22:00","UTC+10:00"
"11","27","0448","SAME","1923","SAME","2018-11-27 04:48:00","2018-11-27 19:23:00","UTC+10:00"
"11","28","0448","SAME","1924","SAME","2018-11-28 04:48:00","2018-11-28 19:24:00","UTC+10:00"
"11","29","0448","SAME","1925","SAME","2018-11-29 04:48:00","2018-11-29 19:25:00","UTC+10:00"
"11","30","0447","SAME","1926","SAME","2018-11-30 04:47:00","2018-11-30 19:26:00","UTC+10:00"
"12","1","0447","SAME","1927","SAME","2018-12-01 04:47:00","2018-12-01 19:27:00","UTC+10:00"
"12","2","0447","SAME","1928","SAME","2018-12-02 04:47:00","2018-12-02 19:28:00","UTC+10:00"
"12","3","0447","SAME","1929","SAME","2018-12-03 04:47:00","2018-12-03 19:29:00","UTC+10:00"
"12","4","0446","SAME","1930","SAME","2018-12-04 04:46:00","2018-12-04 19:30:00","UTC+10:00"
"12","5","0446","SAME","1931","SAME","2018-12-05 04:46:00","2018-12-05 19:31:00","UTC+10:00"
"12","6","0446","SAME","1932","SAME","2018-12-06 04:46:00","2018-12-06 19:32:00","UTC+10:00"
"12","7","0446","SAME","1933","SAME","2018-12-07 04:46:00","2018-12-07 19:33:00","UTC+10:00"
"12","8","0446","SAME","1934","SAME","2018-12-08 04:46:00","2018-12-08 19:34:00","UTC+10:00"
"12","9","0446","SAME","1935","SAME","2018-12-09 04:46:00","2018-12-09 19:35:00","UTC+10:00"
"12","10","0446","SAME","1936","SAME","2018-12-10 04:46:00","2018-12-10 19:36:00","UTC+10:00"
"12","11","0446","SAME","1937","SAME","2018-12-11 04:46:00","2018-12-11 19:37:00","UTC+10:00"
"12","12","0446","SAME","1937","SAME","2018-12-12 04:46:00","2018-12-12 19:37:00","UTC+10:00"
"12","13","0446","SAME","1938","SAME","2018-12-13 04:46:00","2018-12-13 19:38:00","UTC+10:00"
"12","14","0447","SAME","1939","SAME","2018-12-14 04:47:00","2018-12-14 19:39:00","UTC+10:00"
"12","15","0447","SAME","1940","SAME","2018-12-15 04:47:00","2018-12-15 19:40:00","UTC+10:00"
"12","16","0447","SAME","1940","SAME","2018-12-16 04:47:00","2018-12-16 19:40:00","UTC+10:00"
"12","17","0448","SAME","1941","SAME","2018-12-17 04:48:00","2018-12-17 19:41:00","UTC+10:00"
"12","18","0448","SAME","1941","SAME","2018-12-18 04:48:00","2018-12-18 19:41:00","UTC+10:00"
"12","19","0448","SAME","1942","SAME","2018-12-19 04:48:00","2018-12-19 19:42:00","UTC+10:00"
"12","20","0449","SAME","1943","SAME","2018-12-20 04:49:00","2018-12-20 19:43:00","UTC+10:00"
"12","21","0449","SAME","1943","SAME","2018-12-21 04:49:00","2018-12-21 19:43:00","UTC+10:00"
"12","22","0450","SAME","1944","SAME","2018-12-22 04:50:00","2018-12-22 19:44:00","UTC+10:00"
"12","23","0450","SAME","1944","SAME","2018-12-23 04:50:00","2018-12-23 19:44:00","UTC+10:00"
"12","24","0451","SAME","1945","SAME","2018-12-24 04:51:00","2018-12-24 19:45:00","UTC+10:00"
"12","25","0451","SAME","1945","SAME","2018-12-25 04:51:00","2018-12-25 19:45:00","UTC+10:00"
"12","26","0452","SAME","1945","SAME","2018-12-26 04:52:00","2018-12-26 19:45:00","UTC+10:00"
"12","27","0453","SAME","1946","SAME","2018-12-27 04:53:00","2018-12-27 19:46:00","UTC+10:00"
"12","28","0453","SAME","1946","SAME","2018-12-28 04:53:00","2018-12-28 19:46:00","UTC+10:00"
"12","29","0454","SAME","1946","SAME","2018-12-29 04:54:00","2018-12-29 19:46:00","UTC+10:00"
"12","30","0455","SAME","1947","SAME","2018-12-30 04:55:00","2018-12-30 19:47:00","UTC+10:00"
"12","31","0455","SAME","1947","SAME","2018-12-31 04:55:00","2018-12-31 19:47:00","UTC+10:00"